INSERT INTO public.campus (id, nom) VALUES (19, 'Nantes');
INSERT INTO public.campus (id, nom) VALUES (20, 'Niort');
INSERT INTO public.campus (id, nom) VALUES (21, 'Rennes');

INSERT INTO public.etat (id, libelle) VALUES (7, 'Créée');
INSERT INTO public.etat (id, libelle) VALUES (8, 'Cloturée');
INSERT INTO public.etat (id, libelle) VALUES (9, 'Publié');

INSERT INTO public.ville (id, nom, code_postal) VALUES (9, 'Tours', '37000');
INSERT INTO public.ville (id, nom, code_postal) VALUES (10, 'Nantes', '44000');
INSERT INTO public.ville (id, nom, code_postal) VALUES (11, 'Niort', '79000');
INSERT INTO public.ville (id, nom, code_postal) VALUES (12, 'Rennes', '35000');

INSERT INTO public.lieu (id, ville_id, nom, rue, latitude, longitude) VALUES (9, 9, 'Cinéma CGR Tours Centre', '4 Place François Truffaut', 47.38809, 0.6932648);
INSERT INTO public.lieu (id, ville_id, nom, rue, latitude, longitude) VALUES (10, 9, 'Rose Bonbon', '104 Rue du Commerce', 47.3946674, 0.6825767);
INSERT INTO public.lieu (id, ville_id, nom, rue, latitude, longitude) VALUES (11, 9, 'l''excalibur', '35 Rue Briçonnet', 47.3945539, 0.6813991);
INSERT INTO public.lieu (id, ville_id, nom, rue, latitude, longitude) VALUES (12, 9, 'BowlCenter Tours', '28 Av. Marcel Mérieux', 47.3651529, 0.6794991);

INSERT INTO public.participant (id, campus_id, nom, prenom, username, email, password, telephone, chemin_img, administrateur, actif, api_token, roles) VALUES (91, 19, 'Aimé de la Lecomte', 'Lorraine', 'rbenoit', 'aurel@gmail.com', '$argon2id$v=19$m=65536,t=4,p=1$ci5OVDFDaWNoeWc1VzdjQQ$LcBi137OuuhiFjgL8hlvo/WS/Xza6HKmXXM95bzL0Q8', NULL, NULL, true, true, '17f767f17adb097c32c974dc886d8aeb', '["ROLE_USER","ROLE_ADMIN"]');
INSERT INTO public.participant (id, campus_id, nom, prenom, username, email, password, telephone, chemin_img, administrateur, actif, api_token, roles) VALUES (92, 20, 'Christelle Dumont', 'Astrid', 'ollivier.joseph', 'npascal@roux.com', '$argon2id$v=19$m=65536,t=4,p=1$eUJBLjFvYXVOOHgxWTJibA$22cikMLowp63+ZmiVWN+hPRHPUovILgBSEJOduv48Wo', NULL, NULL, false, true, '95aeea0fd36add7a95d470e9f6325e41', '["ROLE_USER"]');
INSERT INTO public.participant (id, campus_id, nom, prenom, username, email, password, telephone, chemin_img, administrateur, actif, api_token, roles) VALUES (93, 21, 'Louis Gilbert-Pruvost', 'Célina', 'zacharie.levy', 'julie.perrin@rocher.com', '$argon2id$v=19$m=65536,t=4,p=1$SGh2SE1WYWZDVlFZRXppZw$4KbV69QmY+RdxIZ1FaUv7lKE93A0o8zfWcLiKXwIFtI', NULL, NULL, false, true, '609694781bb4817e00a181079d67f110', '["ROLE_USER"]');
INSERT INTO public.participant (id, campus_id, nom, prenom, username, email, password, telephone, chemin_img, administrateur, actif, api_token, roles) VALUES (94, 19, 'Benjamin Gilles', 'Catherine', 'diane.etienne', 'lucas96@lemoine.fr', '$argon2id$v=19$m=65536,t=4,p=1$Q0syWFV0OEdhb1ZybUJ0bg$YKIBn5cmaPCCgGFBZYwyI7wYiSryXb1v48uAJ9LVcHg', NULL, NULL, false, true, '8b8da6585a8d77bc6f68be433ca2c4fc', '["ROLE_USER"]');
INSERT INTO public.participant (id, campus_id, nom, prenom, username, email, password, telephone, chemin_img, administrateur, actif, api_token, roles) VALUES (95, 20, 'Élise Gros', 'Émile', 'gmunoz', 'noel66@allain.org', '$argon2id$v=19$m=65536,t=4,p=1$STBxZTltb2s5VVFBRlhNQw$PCy/MAqziiz/rX9ht7XxNPI1ySjrD7oWlVD+c+cR2Lk', NULL, NULL, false, true, 'f6f58b289b258f69fc7a1c8f1579bc16', '["ROLE_USER"]');
INSERT INTO public.participant (id, campus_id, nom, prenom, username, email, password, telephone, chemin_img, administrateur, actif, api_token, roles) VALUES (96, 21, 'Thibaut Philippe', 'Jérôme', 'jacquot.francois', 'matthieu09@orange.fr', '$argon2id$v=19$m=65536,t=4,p=1$Y1hDcGw1WTdxcEZWdzIwLw$3lqoFr6xJhcA/tIa+nEeVXmNisJTe+CQlY+5utolzCo', NULL, NULL, false, true, 'c2540e7e635c7261789105e7fe28a1ef', '["ROLE_USER"]');
INSERT INTO public.participant (id, campus_id, nom, prenom, username, email, password, telephone, chemin_img, administrateur, actif, api_token, roles) VALUES (97, 19, 'Hortense Roger', 'Juliette', 'genevieve.gilles', 'augustin.laroche@jacquet.com', '$argon2id$v=19$m=65536,t=4,p=1$TTdUcGZtaDhRR0FwcjJKag$/YqRZiOgYGr/JcGmcz5Qw+lXIgnguFkDKxfIXhWPOFI', NULL, NULL, false, true, '3c5bd962e6f4f0bfe749dc697f9fab20', '["ROLE_USER"]');
INSERT INTO public.participant (id, campus_id, nom, prenom, username, email, password, telephone, chemin_img, administrateur, actif, api_token, roles) VALUES (98, 20, 'Olivie Besson', 'Thérèse', 'iwagner', 'nicole63@dbmail.com', '$argon2id$v=19$m=65536,t=4,p=1$ZDdMbFM5S1dBVTViSS9GOA$KzGmvmVDLNPO4Aq/7+0RrUUYRbkOw9kmlOUQEzHpGCI', NULL, NULL, false, true, '4296839bb444c9925d77c74634106b44', '["ROLE_USER"]');
INSERT INTO public.participant (id, campus_id, nom, prenom, username, email, password, telephone, chemin_img, administrateur, actif, api_token, roles) VALUES (99, 21, 'Danielle Maillet-Benard', 'Vincent', 'nicolas51', 'maurice91@tiscali.fr', '$argon2id$v=19$m=65536,t=4,p=1$Yk5IWng0ZjZxcEphUjdzYQ$UnBZ/SjIx4TvIpyJPivNADT0mqOgpl7NIwUWf6Hxs7c', NULL, NULL, false, true, '10b0249318fcd77db60b0b78a17318b4', '["ROLE_USER"]');
INSERT INTO public.participant (id, campus_id, nom, prenom, username, email, password, telephone, chemin_img, administrateur, actif, api_token, roles) VALUES (100, 19, 'Cécile Voisin', 'Gabriel', 'manon37', 'alphonse.coulon@pages.fr', '$argon2id$v=19$m=65536,t=4,p=1$SmJvZ1dreGVtTXM3NzBGNg$4hIUmbMMYHlNL/TMd27rJDsMVSKSpkccNhiF8iPrpAs', NULL, NULL, false, true, '4fa8c6455a60cad1aa82bcae097f886e', '["ROLE_USER"]');
INSERT INTO public.participant (id, campus_id, nom, prenom, username, email, password, telephone, chemin_img, administrateur, actif, api_token, roles) VALUES (101, 20, 'Thomas Auger', 'Emmanuel', 'vincent86', 'gay.brigitte@noos.fr', '$argon2id$v=19$m=65536,t=4,p=1$RGdWUVgxVnhDUzAzMVpzWQ$t9Wx+onetFqpbd/42Yv7FMM6QZazlSnABy4WDbL/n38', NULL, NULL, false, true, 'df06fd7168cc03ea77f3ba2132e5caad', '["ROLE_USER"]');
INSERT INTO public.participant (id, campus_id, nom, prenom, username, email, password, telephone, chemin_img, administrateur, actif, api_token, roles) VALUES (102, 21, 'Josette Fleury', 'Victoire', 'william.leleu', 'renault.penelope@free.fr', '$argon2id$v=19$m=65536,t=4,p=1$YWxDcDJscElzelhLNXAyWA$cMLSgHHr7a4ShIvqQG4PIq1ikJC5pOXPe46aTYY0T5Y', NULL, NULL, false, true, '62d93f36ee6ec742889037e732aa846e', '["ROLE_USER"]');
INSERT INTO public.participant (id, campus_id, nom, prenom, username, email, password, telephone, chemin_img, administrateur, actif, api_token, roles) VALUES (103, 19, 'Arthur Leroux', 'Émilie', 'alex35', 'yrenault@bernier.fr', '$argon2id$v=19$m=65536,t=4,p=1$TnVGclo3bzJBYWxOdUYzSQ$p3lh2HEn9afC7la5wZEjyEH49STZB45qjCEIPdaIKyI', NULL, NULL, false, true, '122a75fe545f213c20c2d5b1c1ee5e82', '["ROLE_USER"]');
INSERT INTO public.participant (id, campus_id, nom, prenom, username, email, password, telephone, chemin_img, administrateur, actif, api_token, roles) VALUES (104, 20, 'Lucie-Céline Bourgeois', 'Louis', 'richard.huet', 'lambert.dominique@martel.com', '$argon2id$v=19$m=65536,t=4,p=1$eEh0WnZ3WFI5NmJaN3E3TQ$3WA/j/9WFCU4+R32js5/6nLR8yL5LARlVcQHApgFBoI', NULL, NULL, false, true, '76db5b2ebeceb7fe44f877b01e761f28', '["ROLE_USER"]');
INSERT INTO public.participant (id, campus_id, nom, prenom, username, email, password, telephone, chemin_img, administrateur, actif, api_token, roles) VALUES (105, 21, 'Guy Bodin-Courtois', 'Frédérique', 'hamel.margaux', 'broyer@tiscali.fr', '$argon2id$v=19$m=65536,t=4,p=1$V1p5eGNubklOb0NxaThWQQ$VQvONET1w0RnvZXjp0yoUYaVyfZ81rtnuIm0ol0JOV4', NULL, NULL, false, true, '32c4c275cebfcc4eb36fc46a608751c5', '["ROLE_USER"]');
INSERT INTO public.participant (id, campus_id, nom, prenom, username, email, password, telephone, chemin_img, administrateur, actif, api_token, roles) VALUES (106, 19, 'Dominique Auger', 'Isaac', 'adelaide44', 'corinne50@georges.fr', '$argon2id$v=19$m=65536,t=4,p=1$SWd0SHM5ekFIM1ZWeGE2Mg$eRrxMhfChyqPEV0lv1l2I28ITYHa2NkUBBZv1BctKT4', NULL, NULL, false, true, '99268c6dc5624d40b4c6ce47c0fa9ce6', '["ROLE_USER"]');
INSERT INTO public.participant (id, campus_id, nom, prenom, username, email, password, telephone, chemin_img, administrateur, actif, api_token, roles) VALUES (107, 20, 'Élise Richard', 'Jean', 'charles.marques', 'arthur.bonnet@morin.com', '$argon2id$v=19$m=65536,t=4,p=1$QWZFM0JoZHEzS2hUc0RnbQ$862AMQEV4aozTkgXEdvL2WWNalUJ0Oe4Eto3MUqCkM0', NULL, NULL, false, true, '705e834903db37132b190d81f592bacf', '["ROLE_USER"]');
INSERT INTO public.participant (id, campus_id, nom, prenom, username, email, password, telephone, chemin_img, administrateur, actif, api_token, roles) VALUES (108, 21, 'Vincent Guyon', 'Édouard', 'alfred.toussaint', 'cecile65@bouygtel.fr', '$argon2id$v=19$m=65536,t=4,p=1$WmRiajFIOGQyRS9QZWRlaQ$QjiVW6MnHgGL2KkmuL2OKtQYgoCdjNIVo+F4u8uefQ4', NULL, NULL, false, true, 'b801e34bdd4368861d2b64b9c84890cc', '["ROLE_USER"]');
INSERT INTO public.participant (id, campus_id, nom, prenom, username, email, password, telephone, chemin_img, administrateur, actif, api_token, roles) VALUES (109, 19, 'Brigitte Martel-Bonnin', 'Pierre', 'stephanie.loiseau', 'astrid86@voila.fr', '$argon2id$v=19$m=65536,t=4,p=1$ZU81WmlLN1dwdUtiWlJIcA$/HH2FqDiyHJG8VnZHxVqhWLo4/DK6d+gV7yXRH24yX8', NULL, NULL, false, true, '8eed9eb11803b6bcced9b38eeaf09967', '["ROLE_USER"]');
INSERT INTO public.participant (id, campus_id, nom, prenom, username, email, password, telephone, chemin_img, administrateur, actif, api_token, roles) VALUES (110, 20, 'Henriette Neveu-Marques', 'Étienne', 'dominique.meunier', 'charrier.jean@tele2.fr', '$argon2id$v=19$m=65536,t=4,p=1$RmFnQkRqLzZkSHJvVTNtVg$wcC0aznbNGpryHuojq9tQKBCTFZ/jtxoMNYvo+pH9iY', NULL, NULL, false, true, '203d4467fe6011e60c0c37f2915b2989', '["ROLE_USER"]');
INSERT INTO public.participant (id, campus_id, nom, prenom, username, email, password, telephone, chemin_img, administrateur, actif, api_token, roles) VALUES (111, 21, 'Yves-Gérard Lesage', 'Thibault', 'stephanie.merle', 'meunier.catherine@yahoo.fr', '$argon2id$v=19$m=65536,t=4,p=1$U2NRTUdFcUFaTEc2djJNMg$PzUze8+4N60LQl4Sy9irXRe7P5BjoXCVKH3qV9CJLZs', NULL, NULL, false, true, '178314dab49a563d5b95c6ce04cd1511', '["ROLE_USER"]');
INSERT INTO public.participant (id, campus_id, nom, prenom, username, email, password, telephone, chemin_img, administrateur, actif, api_token, roles) VALUES (112, 19, 'Geneviève Leroux', 'Agnès', 'nathalie99', 'charlotte.boulanger@berger.net', '$argon2id$v=19$m=65536,t=4,p=1$OENUMnJKbURHWWtYZ285aw$cKE94aBba9/nvcGXe7pFyn9ucpHkSfO1Exl/9FGYEfY', NULL, NULL, false, true, 'c04ba92385073b9c71d68662bcfd54b1', '["ROLE_USER"]');
INSERT INTO public.participant (id, campus_id, nom, prenom, username, email, password, telephone, chemin_img, administrateur, actif, api_token, roles) VALUES (113, 20, 'Suzanne Delattre', 'Claire', 'merle.philippe', 'helene.toussaint@gay.fr', '$argon2id$v=19$m=65536,t=4,p=1$N3k5TDgvOG8zREtTR0VGcQ$iPCzN47rvdEGZKnfzlWbjJFSlZeU95G0tETdWMvAA+s', NULL, NULL, false, true, 'd07ffbb616d3d5e90f8db1288eb7e48b', '["ROLE_USER"]');
INSERT INTO public.participant (id, campus_id, nom, prenom, username, email, password, telephone, chemin_img, administrateur, actif, api_token, roles) VALUES (114, 21, 'Capucine Fontaine-Thierry', 'Laure', 'corinne35', 'fernandes.thibaut@moreno.fr', '$argon2id$v=19$m=65536,t=4,p=1$OEZzdEZac2twVlpCL0pBaw$2r3fIsl27UKcjm2+RFnhbL6LSqA4+d0xC/xA6nH1Xfc', NULL, NULL, false, true, '474d18387bbc2d8d72034d5b9ce959e8', '["ROLE_USER"]');
INSERT INTO public.participant (id, campus_id, nom, prenom, username, email, password, telephone, chemin_img, administrateur, actif, api_token, roles) VALUES (115, 19, 'Édouard Gros', 'André', 'bigot.camille', 'klaroche@peltier.fr', '$argon2id$v=19$m=65536,t=4,p=1$bFM2cC4wVC41ZWRocGcxaw$HAMjkQ8uLvJKz799qEUUAwzHbxBB+hjYDkMW9p2TIIM', NULL, NULL, false, true, '6f5e34df4f9f1fe61a438decaf8608ae', '["ROLE_USER"]');
INSERT INTO public.participant (id, campus_id, nom, prenom, username, email, password, telephone, chemin_img, administrateur, actif, api_token, roles) VALUES (116, 20, 'Michel Ferrand', 'Daniel', 'fernandes.arnaude', 'veronique94@gilbert.net', '$argon2id$v=19$m=65536,t=4,p=1$T21qZGVWRGxYWEdMMmt2NQ$5DokdnutxtnkPXQYnKTecEQJx21pbTGT+33J+31JFYw', NULL, NULL, false, true, '606bf97dc9ecd58bcbb97a6c1a43d51f', '["ROLE_USER"]');
INSERT INTO public.participant (id, campus_id, nom, prenom, username, email, password, telephone, chemin_img, administrateur, actif, api_token, roles) VALUES (117, 21, 'Noël Vallee', 'Noël', 'mdacosta', 'martin.launay@martineau.com', '$argon2id$v=19$m=65536,t=4,p=1$R1EyU29FeTRyQjdTN0xDZA$HgTQcBhi1sXGCw0oH4tf8xSf9qv9hWwfyPVw9JEsZTU', NULL, NULL, false, true, '1d349b13b0fd17748baa3de2b5d5387e', '["ROLE_USER"]');
INSERT INTO public.participant (id, campus_id, nom, prenom, username, email, password, telephone, chemin_img, administrateur, actif, api_token, roles) VALUES (118, 19, 'Étienne Langlois', 'Capucine', 'ybarbier', 'qpoirier@rodrigues.org', '$argon2id$v=19$m=65536,t=4,p=1$bHd5Z0hDeG5LZHY5LzYvdQ$wnecw0WV0hmB991YOnZCwsK3BAHt4cLTo+EXBGar5rk', NULL, NULL, false, true, '37ede4d093ebedd8dfcdb4458b4eafcf', '["ROLE_USER"]');
INSERT INTO public.participant (id, campus_id, nom, prenom, username, email, password, telephone, chemin_img, administrateur, actif, api_token, roles) VALUES (119, 20, 'Lucie Hamon-Berger', 'Benoît', 'dorothee.michaud', 'eugene25@yahoo.fr', '$argon2id$v=19$m=65536,t=4,p=1$Q2syV2c2dk8uZVZQSWJYVw$ga6BhaRYhW5XQMAoggYdxhfuUlaWRDPcpvAN3W+QXYg', NULL, NULL, false, true, '293447894bcf871acf757be0d41baec4', '["ROLE_USER"]');
INSERT INTO public.participant (id, campus_id, nom, prenom, username, email, password, telephone, chemin_img, administrateur, actif, api_token, roles) VALUES (120, 21, 'Josette Brun', 'Adélaïde', 'deoliveira.zoe', 'rousset.dorothee@godard.com', '$argon2id$v=19$m=65536,t=4,p=1$Q1V2RFFjWHBDZTNjNUFKWQ$AyAEfbzOl1JXiejhOpwoGPv0OuVsXMOv7C2QCVv2c+M', NULL, NULL, false, true, '2854b2fd5a910ba545a23375a2fd9631', '["ROLE_USER"]');

INSERT INTO public.sortie (id, organisateur_id, etat_id, campus_id, lieu_id, nom, date_heure_debut, duree, nb_inscription_max, infos_sortie, date_limite_inscriptions, motif) VALUES (5, 119, 7, 20, 9, 'Les Méchants au cinema', '2022-03-22 12:09:26', 120, 200, 'On se donne rendez vous au CGR pour aller voir les méchants', '2021-10-03', NULL);
INSERT INTO public.sortie (id, organisateur_id, etat_id, campus_id, lieu_id, nom, date_heure_debut, duree, nb_inscription_max, infos_sortie, date_limite_inscriptions, motif) VALUES (6, 118, 7, 19, 10, 'Petite pinte au Rose Bonbon', '2022-04-25 16:24:11', 120, 8, 'Profitons du beau temps pour boire un petit verre en térasse', '2022-01-11', NULL);
INSERT INTO public.sortie (id, organisateur_id, etat_id, campus_id, lieu_id, nom, date_heure_debut, duree, nb_inscription_max, infos_sortie, date_limite_inscriptions, motif) VALUES (7, 112, 7, 19, 11, 'Soirée d''anniversaire à l''excalibur', '2022-07-19 09:10:38', 300, 50, 'Viens feter ton anniversaire avec moi', '2022-02-22', NULL);
INSERT INTO public.sortie (id, organisateur_id, etat_id, campus_id, lieu_id, nom, date_heure_debut, duree, nb_inscription_max, infos_sortie, date_limite_inscriptions, motif) VALUES (8, 101, 7, 20, 12, 'Bowling entre amis à BowlCenter Tours', '2021-10-15 13:55:31', 120, 10, 'un bowling pour se detendre un peu', '2022-07-24', NULL);
